{
    "Train R2": 0.9627285859692273,
    "Test R2": 0.9084683067146532,
    "Adjusted R2": 0.9068946959418391,
    "MAE": 0.5033628321805654,
    "RMSE": 1.1127261444812724,
    "MSE": 1.2381594726121574,
    "MAPE": 19.868087553733517,
    "Median Absolute Error": 0.18261904824074904,
    "Cross Validation Mean": 0.8779839932017603,
    "Cross Validation Std": 0.013660794437413979,
    "latency_single_ms": 20.975699999326025,
    "latency_avg_ms": 21.883473000007143
}